Landcode,Levensnummer,Werknummer,Geboortedatum,Haarkleur,Geslacht,Landcode_moeder,Levensnummer_moeder,Aanvoer,Afvoer,UBN
LU,518630001,0001,26-05-2024,Zwartbont,M,,,26-08-2024,,6262921
LU,318630002,0002,26-05-2024,Zwartbont,M,,,26-08-2024,,6262921
LU,118610009,0009,04-06-2024,Zwartbont,M,,,26-08-2024,,6262921
LU,918670012,0012,24-05-2024,Zwartbont,M,,,26-08-2024,,6262921
LU,318670015,0015,25-05-2024,Zwartbont,M,,,26-08-2024,,6262921
BE,029800020,0020,02-06-2024,Zwartbont,M,BE,629102020,26-08-2024,,6262921
LU,618560023,0023,27-05-2024,Zwartbont,M,,,26-08-2024,,6262921
BE,733890044,0044,03-06-2024,Zwartbont,M,BE,317475808,26-08-2024,,6262921
LU,318500057,0057,27-05-2024,Zwartbont,M,,,26-08-2024,,6262921
BE,429740057,0057,27-05-2024,Zwartbont,M,BE,114818977,26-08-2024,,6262921
BE,029740059,0059,30-05-2024,Zwartbont,M,BE,417439141,26-08-2024,,6262921
BE,429740060,0060,30-05-2024,Zwartbont,M,BE,317439133,26-08-2024,,6262921
BE,029740062,0062,05-06-2024,Zwartbont,M,BE,617439137,26-08-2024,,6262921
LU,918500068,0068,28-05-2024,Roodbont,M,,,26-08-2024,,6262921
LU,618490071,0071,26-05-2024,Roodbont,M,,,26-08-2024,,6262921
LU,718550129,0129,25-05-2024,Zwartbont,M,,,26-08-2024,,6262921
LU,518550133,0133,02-06-2024,Zwartbont,M,,,26-08-2024,,6262921
BE,921040166,0166,22-05-2024,Roodbont,M,BE,012936684,26-08-2024,,6262921
LU,418380428,0428,06-05-2024,Zwartbont,M,,,26-08-2024,,6262921
BE,720280434,0434,02-06-2024,Roodbont,M,BE,829042108,26-08-2024,,6262921
BE,320280436,0436,02-06-2024,Roodbont,M,BE,728361843,26-08-2024,,6262921
LU,418360552,0552,28-05-2024,Zwartbont,V,,,26-08-2024,,6262921
LU,218360553,0553,29-05-2024,Zwartbont,M,,,26-08-2024,,6262921
NL,636905805,0580,23-05-2024,Zwartbont,M,NL,728104075,26-08-2024,,6262921
LU,918380630,0630,23-05-2024,Zwartbont,M,,,26-08-2024,,6262921
LU,118380634,0634,30-05-2024,Zwartbont,M,,,26-08-2024,,6262921
NL,882906528,0652,15-03-2024,Zwartbont,M,NL,616901883,24-06-2024,,6262921
LU,518360705,0705,26-05-2024,Zwartbont,M,,,26-08-2024,,6262921
NL,624807708,0770,10-06-2024,Zwartbont,M,NL,634603301,26-08-2024,,6262921
BE,318570853,0853,22-05-2024,Zwartbont,M,BE,812726855,26-08-2024,,6262921
NL,688408589,0858,15-05-2024,Zwartbont,M,NL,597401288,26-08-2024,,6262921
LU,118350860,0860,19-05-2024,Zwartbont,M,,,26-08-2024,,6262921
LU,818350861,0861,20-05-2024,Zwartbont,M,,,26-08-2024,,6262921
LU,418350863,0863,25-05-2024,Zwartbont,M,,,26-08-2024,,6262921
NL,688408673,0867,29-05-2024,Zwartbont,M,NL,590503929,26-08-2024,,6262921
LU,718350867,0867,01-06-2024,Zwartbont,M,,,26-08-2024,,6262921
NL,966408829,0882,28-05-2024,Zwartbont,M,NL,691207038,26-08-2024,,6262921
NL,735408838,0883,11-06-2024,Roodbont,M,NL,588295502,26-08-2024,,6262921
NL,842509185,0918,13-05-2024,Roodbont,M,NL,692505971,26-08-2024,,6262921
NL,596309208,0920,10-06-2024,Zwartbont,M,NL,580407589,26-08-2024,,6262921
NL,923009386,0938,12-06-2024,Zwartbont,M,NL,606808086,26-08-2024,,6262921
NL,688209432,0943,06-06-2024,Zwartbont,M,NL,713007947,26-08-2024,,6262921
NL,633809698,0969,28-05-2024,Roodbont,M,NL,894407785,26-08-2024,,6262921
NL,924209716,0971,30-05-2024,Roodbont,M,NL,875607638,26-08-2024,,6262921
NL,624710242,1024,28-05-2024,Zwartbont,M,LU,099514029,26-08-2024,,6262921
NL,607410349,1034,31-05-2024,Zwartbont,M,NL,610562583,26-08-2024,,6262921
NL,607310397,1039,11-06-2024,Zwartbont,M,NL,767903675,26-08-2024,,6262921
NL,693210540,1054,23-05-2024,Zwartbont,M,NL,697900715,26-08-2024,,6262921
NL,624910640,1064,27-05-2024,Zwartbont,M,NL,623408423,26-08-2024,,6262921
LU,918651069,1069,27-05-2024,Zwartbont,M,,,26-08-2024,,6262921
LU,618891071,1071,25-05-2024,Roodbont,M,,,26-08-2024,,6262921
NL,633810715,1071,07-06-2024,Zwartbont,M,NL,581607508,26-08-2024,,6262921
BE,222551081,1081,27-05-2024,Roodbont,M,BE,318300201,26-08-2024,,6262921
LU,118671084,1084,29-05-2024,Zwartbont,M,,,26-08-2024,,6262921
LU,318731086,1086,27-05-2024,Zwartbont,M,,,26-08-2024,,6262921
LU,018571088,1088,02-06-2024,Zwartbont,M,,,26-08-2024,,6262921
LU,918571089,1089,03-06-2024,Zwartbont,M,,,26-08-2024,,6262921
LU,018571091,1091,04-06-2024,Zwartbont,M,,,26-08-2024,,6262921
NL,683210965,1096,28-05-2024,Zwartbont,M,NL,649821242,26-08-2024,,6262921
NL,923010991,1099,05-05-2024,Roodbont,M,NL,588508347,26-08-2024,,6262921
LU,119041100,1100,27-05-2024,Zwartbont,M,,,26-08-2024,,6262921
NL,923011002,1100,24-05-2024,Roodbont,M,NL,588508431,26-08-2024,,6262921
NL,624711012,1101,26-05-2024,Zwartbont,M,NL,577607710,26-08-2024,,6262921
LU,318991102,1102,27-05-2024,Zwartbont,M,,,26-08-2024,,6262921
LU,118991103,1103,27-05-2024,Zwartbont,M,,,26-08-2024,,6262921
BE,122091106,1106,25-05-2024,Zwartbont,M,BE,312593798,26-08-2024,,6262921
BE,422021126,1126,01-06-2024,Zwartbont,M,BE,422172032,26-08-2024,,6262921
NL,762411399,1139,08-06-2024,Zwartbont,M,NL,928497942,26-08-2024,,6262921
NL,707111410,1141,05-06-2024,Zwartbont,M,NL,918807876,26-08-2024,,6262921
NL,631211699,1169,08-06-2024,Zwartbont,M,NL,579707740,26-08-2024,,6262921
NL,947711830,1183,24-05-2024,Zwartbont,M,NL,968210651,26-08-2024,,6262921
NL,897511894,1189,29-05-2024,Zwartbont,M,NL,688808277,26-08-2024,,6262921
NL,949811954,1195,31-05-2024,Zwartbont,M,NL,648903107,26-08-2024,,6262921
NL,593811988,1198,30-05-2024,Zwartbont,M,NL,940703809,26-08-2024,,6262921
NL,636812473,1247,28-05-2024,Roodbont,M,NL,542697560,26-08-2024,,6262921
BE,721871247,1247,08-06-2024,Zwartbont,M,BE,614680796,26-08-2024,,6262921
DE,1264701251,01251,27-10-2020,Zwartbont,M,DE,1264563492,26-02-2021,,6262921
LU,518321256,1256,25-05-2024,Roodbont,M,,,26-08-2024,,6262921
NL,930712624,1262,31-05-2024,Zwartbont,M,NL,662395537,26-08-2024,,6262921
NL,586412743,1274,03-06-2024,Roodbont,M,NL,629303489,26-08-2024,,6262921
NL,586412750,1275,03-06-2024,Zwartbont,M,NL,732353441,26-08-2024,,6262921
LU,918361284,1284,22-05-2024,Zwartbont,M,,,26-08-2024,,6262921
BE,422051310,1310,26-05-2024,Zwartbont,M,BE,314573922,26-08-2024,,6262921
NL,686213431,1343,09-06-2024,Zwartbont,M,NL,728895326,26-08-2024,,6262921
NL,594913735,1373,30-05-2024,Zwartbont,M,NL,942411719,26-08-2024,,6262921
NL,614114009,1400,31-05-2024,Zwartbont,M,NL,648622613,26-08-2024,,6262921
LU,218341419,1419,27-05-2024,Zwartbont,M,,,26-08-2024,,6262921
NL,585314222,1422,27-02-2024,Zwartbont,M,NL,540982363,24-06-2024,,6262921
NL,922214244,1424,25-05-2024,Roodbont,M,NL,731434877,26-08-2024,,6262921
NL,673814346,1434,24-05-2024,Zwartbont,M,NL,573008010,26-08-2024,,6262921
NL,941614348,1434,16-10-2020,Zwartbont,M,NL,748811760,26-02-2021,,6262921
BE,018061467,1467,27-05-2024,Zwartbont,M,BE,913320919,26-08-2024,,6262921
BE,618951477,1477,19-05-2024,Zwartbont,M,BE,534362035,26-08-2024,,6262921
NL,585315016,1501,21-05-2024,Zwartbont,M,NL,685378481,26-08-2024,,6262921
NL,919815212,1521,27-05-2024,Roodbont,M,NL,610613209,26-08-2024,,6262921
NL,866515555,1555,17-05-2024,Zwartbont,M,NL,934574701,26-08-2024,,6262921
NL,714715630,1563,07-06-2024,Zwartbont,M,NL,579212004,26-08-2024,,6262921
DK,07371401620,01620,23-05-2024,Zwartbont,M,DK,07371401361,26-08-2024,,6262921
DK,07371401621,01621,28-05-2024,Zwartbont,M,DK,07371401425,26-08-2024,,6262921
NL,591916630,1663,10-06-2024,Zwartbont,M,NL,733035540,26-08-2024,,6262921
NL,563016685,1668,11-06-2024,Zwartbont,M,NL,629905216,26-08-2024,,6262921
NL,694616787,1678,08-06-2024,Eenkleurig zwart,M,NL,868314219,26-08-2024,,6262921
NL,637516949,1694,10-06-2024,Zwartbont,M,NL,945325709,26-08-2024,,6262921
BE,729651708,1708,24-05-2024,Roodbont,M,BE,414964656,26-08-2024,,6262921
BE,929651710,1710,31-05-2024,Zwartbont,M,BE,114164191,26-08-2024,,6262921
BE,529651712,1712,03-06-2024,Zwartbont,M,BE,614964669,26-08-2024,,6262921
BE,329651713,1713,03-06-2024,Roodbont,M,BE,114504490,26-08-2024,,6262921
LU,518351731,1731,30-05-2024,Zwartbont,M,,,26-08-2024,,6262921
LU,318351732,1732,31-05-2024,Zwartbont,M,,,26-08-2024,,6262921
BE,229301751,1751,29-05-2024,Zwartbont,M,BE,013104311,26-08-2024,,6262921
NL,928817638,1763,08-06-2024,Zwartbont,M,NL,720772432,26-08-2024,,6262921
NL,930218083,1808,12-06-2024,Zwartbont,M,NL,586713482,26-08-2024,,6262921
NL,694618303,1830,02-06-2024,Zwartbont,M,NL,710813435,26-08-2024,,6262921
NL,930418599,1859,07-06-2024,Zwartbont,M,NL,638208814,26-08-2024,,6262921
LU,418391865,1865,28-05-2024,Zwartbont,M,,,26-08-2024,,6262921
NL,624019024,1902,21-05-2024,Zwartbont,M,NL,578417071,26-08-2024,,6262921
LU,618331924,1924,04-06-2024,Zwartbont,M,,,26-08-2024,,6262921
NL,722219258,1925,06-05-2024,Zwartbont,M,NL,679815725,26-08-2024,,6262921
LU,218331926,1926,04-06-2024,Zwartbont,M,,,26-08-2024,,6262921
NL,722219265,1926,05-05-2024,Zwartbont,M,NL,965489094,26-08-2024,,6262921
NL,585319537,1953,29-05-2024,Roodbont,M,NL,635970206,26-08-2024,,6262921
NL,563919687,1968,24-05-2024,Roodbont,M,NL,594812797,26-08-2024,,6262921
LU,718592008,2008,13-05-2024,Zwartbont,M,,,26-08-2024,,6262921
NL,540520187,2018,10-06-2024,Zwartbont,M,NL,631511412,26-08-2024,,6262921
LU,918632019,2019,23-05-2024,Zwartbont,M,,,26-08-2024,,6262921
LU,018632021,2021,23-05-2024,Zwartbont,M,,,26-08-2024,,6262921
BE,743502042,2042,24-05-2024,Zwartbont,M,BE,314543190,26-08-2024,,6262921
LU,218532046,2046,28-05-2024,Zwartbont,M,,,26-08-2024,,6262921
LU,918532048,2048,04-06-2024,Zwartbont,M,,,26-08-2024,,6262921
NL,677220516,2051,26-05-2024,Zwartbont,M,DK,06659405967,26-08-2024,,6262921
LU,018452053,2053,22-05-2024,Zwartbont,M,,,26-08-2024,,6262921
NL,620020635,2063,21-05-2024,Roodbont,M,NL,616717475,26-08-2024,,6262921
NL,708720837,2083,16-05-2024,Zwartbont,M,NL,707417488,26-08-2024,,6262921
NL,965521505,2150,25-05-2024,Zwartbont,M,NL,760218060,26-08-2024,,6262921
NL,965521512,2151,21-05-2024,Zwartbont,M,NL,579616802,26-08-2024,,6262921
BE,638402163,2163,31-05-2024,Zwartbont,M,BE,617335148,26-08-2024,,6262921
NL,876821936,2193,11-06-2024,Zwartbont,M,NL,658518252,26-08-2024,,6262921
NL,565222253,2225,06-06-2024,Roodbont,M,NL,618020940,26-08-2024,,6262921
NL,593422540,2254,01-06-2024,Zwartbont,M,NL,643319354,26-08-2024,,6262921
NL,593422564,2256,04-06-2024,Zwartbont,M,NL,643319190,26-08-2024,,6262921
NL,593422595,2259,10-06-2024,Zwartbont,M,NL,643319316,26-08-2024,,6262921
BE,122312333,2333,13-05-2024,Roodbont,M,BE,012675914,26-08-2024,,6262921
LU,618392335,2335,22-05-2024,Zwartbont,M,,,26-08-2024,,6262921
BE,822312335,2335,21-05-2024,Zwartbont,M,BE,814028775,26-08-2024,,6262921
LU,418392336,2336,25-05-2024,Zwartbont,M,,,26-08-2024,,6262921
LU,018392338,2338,01-06-2024,Zwartbont,M,,,26-08-2024,,6262921
BE,923322353,2353,20-05-2024,Zwartbont,M,BE,127572112,26-08-2024,,6262921
BE,722202362,2362,04-06-2024,Zwartbont,M,BE,620032144,26-08-2024,,6262921
NL,596224088,2408,31-10-2023,Zwartbont,V,NL,572575443,15-07-2024,,6262921
BE,719282410,2410,17-12-2023,Zwart-wit,M,BE,228241701,23-03-2024,,6262921
BE,629142419,2419,25-05-2024,Zwartbont,M,BE,514734297,26-08-2024,,6262921
NL,882924311,2431,17-05-2024,Roodbont,M,NL,640102179,26-08-2024,,6262921
NL,882924328,2432,25-05-2024,Roodbont,M,NL,640102162,26-08-2024,,6262921
NL,686524333,2433,01-04-2024,Zwartbont,M,NL,572422567,23-06-2024,,6262921
BE,520372449,2449,08-05-2024,Zwartbont,M,BE,219601994,26-08-2024,,6262921
BE,719822449,2449,29-05-2024,Zwartbont,M,BE,018682062,26-08-2024,,6262921
BE,920372450,2450,08-05-2024,Zwartbont,M,BE,220891222,26-08-2024,,6262921
BE,919822451,2451,02-06-2024,Zwartbont,M,BE,113983672,26-08-2024,,6262921
BE,723822479,2479,29-05-2024,Zwartbont,M,BE,919832218,26-08-2024,,6262921
BE,119972484,2484,27-05-2024,Zwartbont,M,BE,719601997,26-08-2024,,6262921
BE,119972485,2485,28-05-2024,Zwartbont,M,BE,520891212,26-08-2024,,6262921
BE,219942487,2487,22-05-2024,Roodbont,M,BE,937332056,26-08-2024,,6262921
LU,618352515,2515,05-06-2024,Zwartbont,M,,,26-08-2024,,6262921
LU,018362529,2529,25-05-2024,Zwartbont,M,,,26-08-2024,,6262921
BE,328472542,2542,22-05-2024,Zwartbont,M,BE,729082214,26-08-2024,,6262921
BE,718312555,2555,29-05-2024,Zwartbont,M,BE,121810146,26-08-2024,,6262921
NL,872425664,2566,18-05-2024,Zwartbont,V,NL,587187190,26-08-2024,,6262921
BE,018182659,2659,02-06-2024,Zwartbont,M,BE,921040104,26-08-2024,,6262921
BE,218182661,2661,03-06-2024,Zwartbont,M,BE,237422160,26-08-2024,,6262921
BE,118182668,2668,04-06-2024,Zwartbont,M,BE,523901362,26-08-2024,,6262921
BE,218152673,2673,05-06-2024,Zwartbont,M,BE,114682396,26-08-2024,,6262921
BE,118162713,2713,10-05-2024,Zwartbont,M,BE,117383407,26-08-2024,,6262921
BE,418162716,2716,13-05-2024,Zwartbont,M,BE,717613490,26-08-2024,,6262921
BE,218162717,2717,14-05-2024,Zwartbont,M,BE,217383445,26-08-2024,,6262921
NL,563727523,2752,10-06-2024,Zwartbont,M,DE,0770478825,26-08-2024,,6262921
LU,118392784,2784,04-06-2024,Zwartbont,M,,,26-08-2024,,6262921
NL,876528291,2829,20-05-2024,Zwartbont,M,NL,627319004,26-08-2024,,6262921
NL,876528323,2832,22-05-2024,Zwartbont,M,NL,632025279,26-08-2024,,6262921
BE,618162858,2858,30-05-2024,Roodbont,M,BE,313838954,26-08-2024,,6262921
NL,735828649,2864,25-05-2024,Zwartbont,M,NL,575425141,26-08-2024,,6262921
NL,887229538,2953,10-06-2024,Roodbont,M,NL,917252309,26-08-2024,,6262921
NL,598029757,2975,04-06-2024,Zwartbont,M,NL,696127870,26-08-2024,,6262921
NL,687029776,2977,27-05-2024,Zwartbont,M,NL,607227585,26-08-2024,,6262921
NL,574229814,2981,05-06-2024,Zwartbont,M,NL,764126154,26-08-2024,,6262921
NL,897929941,2994,25-05-2024,Zwartbont,M,NL,722017746,26-08-2024,,6262921
LU,618513011,3011,04-06-2024,Roodbont,M,,,26-08-2024,,6262921
LU,218513013,3013,05-06-2024,Zwartbont,M,,,26-08-2024,,6262921
NL,937530302,3030,05-06-2024,Zwartbont,M,NL,597226580,26-08-2024,,6262921
NL,635130615,3061,25-05-2024,Zwartbont,M,NL,542524299,26-08-2024,,6262921
DK,06451503069,03069,29-05-2024,Zwartbont,M,DK,06451502898,26-08-2024,,6262921
NL,624030900,3090,06-06-2024,Zwartbont,M,NL,567127138,26-08-2024,,6262921
NL,969531236,3123,18-05-2024,Zwartbont,M,NL,544527771,26-08-2024,,6262921
NL,654231285,3128,31-05-2024,Zwartbont,M,NL,675326223,26-08-2024,,6262921
NL,654231292,3129,02-06-2024,Zwartbont,M,NL,724727210,26-08-2024,,6262921
NL,666631790,3179,28-05-2024,Zwartbont,M,NL,643628414,26-08-2024,,6262921
NL,725631859,3185,24-05-2024,Zwartbont,M,NL,710530332,26-08-2024,,6262921
DK,06377303190,03190,12-05-2024,Zwartbont,M,DK,06377302648,26-08-2024,,6262921
DK,06377303218,03218,26-05-2024,Zwartbont,M,DK,06377302386,26-08-2024,,6262921
DK,06377303219,03219,27-05-2024,Zwartbont,M,DK,06377302062,26-08-2024,,6262921
BE,718403227,3227,20-05-2024,Zwartbont,M,BE,117422951,26-08-2024,,6262921
BE,318403229,3229,20-05-2024,Zwartbont,M,BE,817422921,26-08-2024,,6262921
BE,118393241,3241,10-06-2024,Zwartbont,M,BE,912499108,26-08-2024,,6262921
DK,04980203285,03285,04-05-2024,Zwartbont,M,DK,04980202890,26-08-2024,,6262921
NL,674732878,3287,27-05-2024,Roodbont,M,NL,716196976,26-08-2024,,6262921
DK,04980203287,03287,14-05-2024,Zwartbont,M,DK,04980202842,26-08-2024,,6262921
DK,04008003292,03292,12-05-2024,Zwartbont,M,DK,04008002936,26-08-2024,,6262921
DK,04008003297,03297,15-05-2024,Zwartbont,M,DK,04008002812,26-08-2024,,6262921
BE,218303317,3317,04-06-2024,Zwartbont,M,BE,416340773,26-08-2024,,6262921
BE,118283340,3340,19-12-2023,Zwart-wit,M,DE,0540796380,23-03-2024,,6262921
NL,937733879,3387,23-05-2024,Zwartbont,M,NL,616130502,26-08-2024,,6262921
BE,318473412,3412,03-06-2024,Zwartbont,M,BE,914797042,26-08-2024,,6262921
NL,927634454,3445,26-05-2024,Zwartbont,M,NL,665927427,26-08-2024,,6262921
BE,618163458,3458,17-05-2024,Zwartbont,M,BE,320521170,26-08-2024,,6262921
NL,589134600,3460,26-05-2024,Zwartbont,M,NL,693432137,26-08-2024,,6262921
NL,591634617,3461,25-05-2024,Zwartbont,M,NL,612756481,26-08-2024,,6262921
NL,591634624,3462,29-05-2024,Roodbont,M,NL,612756380,26-08-2024,,6262921
NL,598534718,3471,28-05-2024,Zwartbont,M,NL,634930836,26-08-2024,,6262921
BE,118023472,3472,05-06-2024,Zwartbont,M,BE,122362053,26-08-2024,,6262921
NL,637335313,3531,04-06-2024,Zwartbont,M,NL,573928725,26-08-2024,,6262921
BE,218013546,3546,02-06-2024,Zwartbont,M,BE,114353875,26-08-2024,,6262921
NL,870435762,3576,24-05-2024,Zwartbont,M,NL,724833618,26-08-2024,,6262921
LU,718363649,3649,28-05-2024,Zwartbont,M,,,26-08-2024,,6262921
LU,718363652,3652,29-05-2024,Zwartbont,M,,,26-08-2024,,6262921
LU,518363653,3653,29-05-2024,Zwartbont,M,,,26-08-2024,,6262921
NL,713536559,3655,14-05-2024,Roodbont,M,NL,670932474,26-08-2024,,6262921
DK,04944503665,03665,10-05-2024,Zwartbont,M,DK,04944503333,26-08-2024,,6262921
NL,646436670,3667,30-05-2024,Zwartbont,M,NL,618532522,26-08-2024,,6262921
LU,518283687,3687,26-05-2024,Zwartbont,M,,,26-08-2024,,6262921
DK,04206403724,03724,02-06-2024,Zwartbont,M,DK,04206403047,26-08-2024,,6262921
NL,660937584,3758,29-05-2024,Zwartbont,M,NL,599034637,26-08-2024,,6262921
LU,518313772,3772,25-05-2024,Roodbont,M,,,26-08-2024,,6262921
BE,718093774,3774,18-05-2024,Roodbont,M,BE,317610897,26-08-2024,,6262921
BE,818133777,3777,27-05-2024,Zwartbont,M,FR,4443243113,26-08-2024,,6262921
NL,684437899,3789,05-06-2024,Zwartbont,M,NL,967035077,26-08-2024,,6262921
LU,818293805,3805,12-05-2024,Zwartbont,M,,,26-08-2024,,6262921
LU,018483870,3870,29-05-2024,Zwartbont,M,,,26-08-2024,,6262921
LU,218483883,3883,03-06-2024,Zwartbont,M,,,26-08-2024,,6262921
NL,727138833,3883,28-05-2024,Zwartbont,M,NL,639535131,26-08-2024,,6262921
LU,718483886,3886,04-06-2024,Zwartbont,M,,,26-08-2024,,6262921
LU,318483888,3888,05-06-2024,Zwartbont,M,,,26-08-2024,,6262921
LU,418343914,3914,10-05-2024,Zwartbont,M,,,26-08-2024,,6262921
LU,218343915,3915,15-05-2024,Zwartbont,M,,,26-08-2024,,6262921
LU,918343917,3917,17-05-2024,Zwartbont,M,,,26-08-2024,,6262921
LU,718343918,3918,17-05-2024,Roodbont,M,,,26-08-2024,,6262921
LU,918343920,3920,22-05-2024,Zwartbont,M,,,26-08-2024,,6262921
BE,518113944,3944,31-05-2024,Roodbont,M,BE,313991866,26-08-2024,,6262921
NL,672839704,3970,26-05-2024,Zwartbont,M,NL,633137056,26-08-2024,,6262921
BE,118104052,4052,06-06-2024,Roodbont,M,BE,837832064,26-08-2024,,6262921
BE,418254103,4103,01-06-2024,Zwartbont,M,BE,320881068,26-08-2024,,6262921
NL,631241038,4103,20-05-2024,Zwartbont,M,NL,618037072,26-08-2024,,6262921
NL,631241045,4104,23-05-2024,Zwartbont,M,NL,573234684,26-08-2024,,6262921
DK,04963004113,04113,06-05-2024,Zwartbont,M,DK,04963003860,26-08-2024,,6262921
BE,618224114,4114,28-05-2024,Roodbont,M,BE,412920479,26-08-2024,,6262921
DK,05058504141,04141,21-05-2024,Zwartbont,M,DK,05058503798,26-08-2024,,6262921
NL,640341905,4190,25-05-2024,Zwartbont,M,NL,884207269,26-08-2024,,6262921
LU,018354219,4219,29-05-2024,Zwartbont,M,,,26-08-2024,,6262921
NL,677242635,4263,19-03-2024,Zwartbont,M,NL,943638580,24-06-2024,,6262921
LU,118344282,4282,18-05-2024,Zwartbont,M,,,26-08-2024,,6262921
DK,04082604303,04303,09-05-2024,Zwartbont,M,DK,04082604136,26-08-2024,,6262921
LU,718334345,4345,16-05-2024,Zwartbont,M,,,26-08-2024,,6262921
DK,06991704351,04351,05-05-2024,Zwartbont,M,DK,04598503592,26-08-2024,,6262921
DK,06991704387,04387,31-05-2024,Zwartbont,M,DK,06991703257,26-08-2024,,6262921
NL,730844006,4400,02-06-2024,Zwartbont,M,NL,717139910,26-08-2024,,6262921
NL,730844013,4401,05-06-2024,Zwartbont,M,NL,549138864,26-08-2024,,6262921
DK,04663804407,04407,16-05-2024,Zwartbont,M,DK,01555805670,26-08-2024,,6262921
DK,04663804409,04409,22-05-2024,Zwartbont,M,DK,01555806389,26-08-2024,,6262921
DK,05042004435,04435,17-05-2024,Zwartbont,M,DK,05042003490,26-08-2024,,6262921
LU,018294507,4507,28-05-2024,Roodbont,M,,,26-08-2024,,6262921
NL,866345084,4508,25-05-2024,Zwartbont,M,NL,596441562,26-08-2024,,6262921
LU,918294508,4508,29-05-2024,Roodbont,M,,,26-08-2024,,6262921
LU,718294509,4509,01-06-2024,Roodbont,M,,,26-08-2024,,6262921
NL,866345091,4509,28-05-2024,Zwartbont,M,NL,623038167,26-08-2024,,6262921
NL,585145103,4510,31-05-2024,Zwartbont,M,NL,708042971,26-08-2024,,6262921
LU,718294512,4512,02-06-2024,Roodbont,M,,,26-08-2024,,6262921
LU,318294514,4514,03-06-2024,Roodbont,M,,,26-08-2024,,6262921
BE,616134545,4545,24-05-2024,Zwartbont,M,DE,0122839565,26-08-2024,,6262921
DK,03440004561,04561,04-06-2024,Zwartbont,M,DK,03440003120,26-08-2024,,6262921
NL,592545644,4564,17-05-2024,Zwartbont,M,NL,610842959,26-08-2024,,6262921
BE,218134626,4626,07-06-2024,Zwartbont,M,BE,014559383,26-08-2024,,6262921
BE,018134627,4627,05-06-2024,Zwartbont,M,BE,614559380,26-08-2024,,6262921
BE,918134628,4628,01-06-2024,Zwartbont,M,BE,614559377,26-08-2024,,6262921
LU,818324664,4664,27-05-2024,Zwartbont,M,,,26-08-2024,,6262921
NL,866346669,4666,23-05-2024,Zwartbont,M,NL,869043129,26-08-2024,,6262921
NL,587646792,4679,30-05-2024,Zwartbont,M,NL,684941864,26-08-2024,,6262921
NL,881146820,4682,23-05-2024,Roodbont,M,NL,874743520,26-08-2024,,6262921
NL,881146837,4683,18-05-2024,Roodbont,M,NL,620643519,26-08-2024,,6262921
NL,881146844,4684,18-05-2024,Roodbont,M,NL,626342155,26-08-2024,,6262921
NL,757847077,4707,26-05-2024,Eenkleurig bruin,V,NL,579146183,26-08-2024,,6262921
NL,562747412,4741,25-05-2024,Zwartbont,M,NL,571644045,26-08-2024,,6262921
DK,04982304758,04758,26-05-2024,Zwartbont,M,DK,04982304216,26-08-2024,,6262921
DK,04982304759,04759,27-05-2024,Zwartbont,M,DK,04982304191,26-08-2024,,6262921
FR,5502944760,4760,06-11-2023,Zwartbont,M,FR,5502321168,04-03-2024,,6262921
DK,03419204797,04797,16-05-2024,Zwartbont,M,DK,03419204106,26-08-2024,,6262921
DK,03419204804,04804,27-05-2024,Zwartbont,M,DK,03419204457,26-08-2024,,6262921
DK,03212704805,04805,16-05-2024,Zwartbont,M,DK,03212704314,26-08-2024,,6262921
DK,03419204808,04808,30-05-2024,Zwartbont,M,DK,03419204454,26-08-2024,,6262921
DK,03419204809,04809,02-06-2024,Zwartbont,M,DK,03419203923,26-08-2024,,6262921
DK,04075304812,04812,14-05-2024,Zwartbont,M,DK,04075304259,26-08-2024,,6262921
DK,04075304814,04814,16-05-2024,Zwartbont,M,DK,04075304354,26-08-2024,,6262921
NL,736648226,4822,28-05-2024,Zwartbont,M,NL,648841504,26-08-2024,,6262921
LU,918324896,4896,24-05-2024,Zwartbont,M,,,26-08-2024,,6262921
DK,04066604922,04922,18-05-2024,Zwartbont,M,DK,04066603907,26-08-2024,,6262921
NL,637149574,4957,19-03-2024,Zwartbont,M,NL,590447278,24-06-2024,,6262921
NL,566249710,4971,17-05-2024,Blauwbont,M,NL,591845048,26-08-2024,,6262921
NL,566249734,4973,24-05-2024,Zwartbont,M,NL,596912176,26-08-2024,,6262921
NL,566249741,4974,28-05-2024,Zwartbont,M,NL,877242455,26-08-2024,,6262921
DK,05915104974,04974,17-05-2024,Roodbont,M,DK,05915104675,26-08-2024,,6262921
DK,05915104975,04975,18-05-2024,Zwartbont,M,DK,05915104673,26-08-2024,,6262921
DK,05915104982,04982,28-05-2024,Roodbont,M,DK,05915104589,26-08-2024,,6262921
DK,05915104983,04983,30-05-2024,Zwartbont,M,DK,05915104316,26-08-2024,,6262921
DK,05915104987,04987,03-06-2024,Zwartbont,M,DK,05915104676,26-08-2024,,6262921
NL,687050132,5013,26-05-2024,Roodbont,M,NL,654046881,26-08-2024,,6262921
NL,687050149,5014,27-05-2024,Roodbont,M,NL,873747141,26-08-2024,,6262921
DK,04759005027,05027,20-05-2024,Zwartbont,M,DK,04759004357,26-08-2024,,6262921
NL,893150422,5042,10-06-2024,Zwartbont,M,NL,567846459,26-08-2024,,6262921
NL,565650461,5046,30-05-2024,Roodbont,M,NL,757641099,26-08-2024,,6262921
DK,03238405070,05070,23-05-2024,Zwartbont,M,DK,03238404232,26-08-2024,,6262921
DK,03238405072,05072,27-05-2024,Zwartbont,M,DK,03238404287,26-08-2024,,6262921
LU,618475084,5084,05-06-2024,Zwartbont,M,,,26-08-2024,,6262921
LU,318495085,5085,28-05-2024,Zwartbont,M,,,26-08-2024,,6262921
LU,118495086,5086,28-05-2024,Zwartbont,M,,,26-08-2024,,6262921
LU,118495087,5087,29-05-2024,Zwartbont,M,,,26-08-2024,,6262921
LU,818495088,5088,28-05-2024,Zwartbont,M,,,26-08-2024,,6262921
NL,872450976,5097,25-05-2024,Zwartbont,M,NL,763946962,26-08-2024,,6262921
DK,03066505124,05124,22-05-2024,Zwartbont,M,DK,03066504495,26-08-2024,,6262921
BE,618085134,5134,09-06-2024,Zwartbont,M,BE,616284851,26-08-2024,,6262921
DK,03066505138,05138,24-05-2024,Zwartbont,M,DK,03066503866,26-08-2024,,6262921
DK,03066505140,05140,25-05-2024,Zwartbont,M,DK,03066504310,26-08-2024,,6262921
DK,03066505141,05141,26-05-2024,Zwartbont,M,DK,03066504337,26-08-2024,,6262921
DK,03066505142,05142,26-05-2024,Zwartbont,M,DK,03066504140,26-08-2024,,6262921
DK,03066505145,05145,29-05-2024,Zwartbont,M,DK,03066504124,26-08-2024,,6262921
DK,03066505146,05146,30-05-2024,Zwartbont,M,DK,03066504161,26-08-2024,,6262921
DK,03066505147,05147,02-06-2024,Zwartbont,M,DK,03066504137,26-08-2024,,6262921
DK,03066505152,05152,05-06-2024,Zwartbont,M,DK,03066503884,26-08-2024,,6262921
NL,766451560,5156,20-05-2024,Roodbont,M,NL,899340579,26-08-2024,,6262921
NL,766451577,5157,22-05-2024,Zwartbont,M,NL,899340269,26-08-2024,,6262921
NL,924851593,5159,21-05-2024,Zwartbont,M,NL,610850488,26-08-2024,,6262921
NL,620551647,5164,01-06-2024,Roodbont,M,NL,579421516,26-08-2024,,6262921
NL,887251834,5183,03-06-2024,Zwartbont,M,NL,883049040,26-08-2024,,6262921
DK,04534005191,05191,15-03-2024,Zwartbont,M,DK,04534004446,24-06-2024,,6262921
DK,04534005193,05193,15-03-2024,Zwartbont,M,DK,04534004686,24-06-2024,,6262921
LU,918345196,5196,24-05-2024,Zwartbont,M,,,26-08-2024,,6262921
LU,018345200,5200,28-05-2024,Zwartbont,M,,,26-08-2024,,6262921
LU,518345203,5203,03-06-2024,Zwartbont,M,,,26-08-2024,,6262921
NL,940152203,5220,28-05-2024,Zwartbont,M,NL,679551076,26-08-2024,,6262921
BE,815945228,5228,20-05-2024,Zwartbont,M,BE,113846246,26-08-2024,,6262921
NL,691852403,5240,10-06-2024,Zwartbont,M,NL,619639071,26-08-2024,,6262921
LU,018325254,5254,22-05-2024,Zwartbont,M,,,26-08-2024,,6262921
NL,726452578,5257,12-06-2024,Zwartbont,M,NL,676332726,26-08-2024,,6262921
NL,710952721,5272,29-05-2024,Zwartbont,M,NL,643646098,26-08-2024,,6262921
NL,710952745,5274,25-05-2024,Roodbont,M,NL,644936332,26-08-2024,,6262921
NL,710952752,5275,24-05-2024,Zwartbont,M,NL,670141645,26-08-2024,,6262921
LU,118305286,5286,21-05-2024,Zwartbont,M,,,26-08-2024,,6262921
NL,648252876,5287,20-10-2020,Zwartbont,M,NL,675451176,26-02-2021,,6262921
LU,418345291,5291,24-05-2024,Zwartbont,M,,,26-08-2024,,6262921
NL,689952948,5294,28-05-2024,Roodbont,M,NL,596448486,26-08-2024,,6262921
DK,04056605330,05330,13-05-2024,Zwartbont,M,DK,04056604910,26-08-2024,,6262921
DK,04056605336,05336,20-05-2024,Zwartbont,M,DK,04056603795,26-08-2024,,6262921
DK,03236305355,05355,05-06-2024,Zwartbont,M,DK,03236304553,26-08-2024,,6262921
DK,05055705386,05386,23-05-2024,Zwartbont,M,DK,05055704345,26-08-2024,,6262921
DK,04754705387,05387,23-05-2024,Zwartbont,M,DK,04754704301,26-08-2024,,6262921
DK,05055705388,05388,26-05-2024,Zwartbont,M,DK,05055704614,26-08-2024,,6262921
DK,05055705389,05389,28-05-2024,Zwartbont,M,DK,05055704741,26-08-2024,,6262921
LU,618335391,5391,24-05-2024,Zwartbont,M,,,26-08-2024,,6262921
NL,578554385,5438,25-05-2024,Roodbont,M,NL,658351936,26-08-2024,,6262921
BE,518175439,5439,27-05-2024,Zwartbont,M,BE,814274676,26-08-2024,,6262921
DK,04222805440,05440,20-05-2024,Zwartbont,M,DK,04222805011,26-08-2024,,6262921
DK,04222805441,05441,22-05-2024,Zwartbont,M,DK,04222805016,26-08-2024,,6262921
DK,04182905464,05464,26-05-2024,Zwartbont,M,DK,04182905020,26-08-2024,,6262921
DK,04182905468,05468,29-05-2024,Zwartbont,M,DK,04182905023,26-08-2024,,6262921
DK,04182905469,05469,29-05-2024,Zwartbont,M,DK,04182904919,26-08-2024,,6262921
DK,04182905470,05470,02-06-2024,Zwartbont,M,DK,04182905027,26-08-2024,,6262921
LU,218355482,5482,05-06-2024,Zwartbont,M,,,26-08-2024,,6262921
NL,562355183,5518,08-06-2024,Zwartbont,M,NL,616853313,26-08-2024,,6262921
NL,592555263,5526,19-05-2024,Zwartbont,M,NL,643952027,26-08-2024,,6262921
NL,592555270,5527,19-05-2024,Zwartbont,M,NL,940048096,26-08-2024,,6262921
LU,118395537,5537,03-06-2024,Zwartbont,M,,,26-08-2024,,6262921
LU,018355581,5581,28-05-2024,Zwartbont,M,,,26-08-2024,,6262921
NL,606856775,5677,30-10-2023,Zwartbont,M,NL,870054086,15-07-2024,,6262921
DK,03006505703,05703,10-05-2024,Zwartbont,M,DK,03006504942,26-08-2024,,6262921
DK,03006505704,05704,11-05-2024,Zwartbont,M,DK,03006504926,26-08-2024,,6262921
DK,03006505707,05707,24-05-2024,Zwartbont,M,DK,03006504949,26-08-2024,,6262921
LU,818285722,5722,30-05-2024,Zwartbont,M,,,26-08-2024,,6262921
DK,05294905724,05724,23-05-2024,Zwartbont,M,DK,05019303560,26-08-2024,,6262921
DK,05294905725,05725,24-05-2024,Zwartbont,M,DK,05294904522,26-08-2024,,6262921
DK,05294905726,05726,24-05-2024,Zwartbont,M,DK,05294904879,26-08-2024,,6262921
DK,05294905730,05730,26-05-2024,Zwartbont,M,DK,05294904263,26-08-2024,,6262921
NL,613357331,5733,15-03-2024,Zwartbont,M,NL,563455415,24-06-2024,,6262921
DK,05294905733,05733,28-05-2024,Zwartbont,M,DK,04137306992,26-08-2024,,6262921
NL,613357348,5734,15-03-2024,Zwartbont,M,NL,563455415,24-06-2024,,6262921
DK,05294905735,05735,28-05-2024,Zwartbont,M,DK,05019303500,26-08-2024,,6262921
NL,712857411,5741,28-05-2024,Zwartbont,M,NL,685352980,26-08-2024,,6262921
NL,687057467,5746,26-05-2024,Roodbont,M,NL,660054984,26-08-2024,,6262921
NL,646157872,5787,26-05-2024,Zwartbont,M,NL,873850812,26-08-2024,,6262921
DK,06385505809,05809,24-05-2024,Zwartbont,M,DK,06385504884,26-08-2024,,6262921
NL,889658277,5827,23-05-2024,Roodbont,M,NL,684957328,26-08-2024,,6262921
BE,918095829,5829,10-05-2024,Zwartbont,M,BE,014343002,26-08-2024,,6262921
BE,218095830,5830,10-05-2024,Zwartbont,M,BE,814655153,26-08-2024,,6262921
BE,118095837,5837,26-05-2024,Zwartbont,M,BE,018332236,26-08-2024,,6262921
NL,889658400,5840,31-05-2024,Roodbont,M,NL,610055139,26-08-2024,,6262921
NL,679858410,5841,18-05-2024,Zwartbont,M,NL,873773780,26-08-2024,,6262921
BE,717715842,5842,04-06-2024,Zwartbont,M,BE,918170531,26-08-2024,,6262921
BE,517715843,5843,04-06-2024,Zwartbont,M,BE,317400378,26-08-2024,,6262921
BE,317715844,5844,05-06-2024,Zwartbont,M,BE,217780458,26-08-2024,,6262921
NL,707658676,5867,08-06-2024,Zwartbont,M,NL,574492548,26-08-2024,,6262921
DK,05161205920,05920,21-05-2024,Zwartbont,M,DK,05161205426,26-08-2024,,6262921
DK,05161205925,05925,05-05-2024,Zwartbont,M,DK,05161205544,26-08-2024,,6262921
BE,818195938,5938,02-06-2024,Zwartbont,M,BE,614432824,26-08-2024,,6262921
LU,618405939,5939,29-05-2024,Roodbont,M,,,26-08-2024,,6262921
LU,118405940,5940,03-06-2024,Zwartbont,M,,,26-08-2024,,6262921
DK,04562405950,05950,08-05-2024,Zwartbont,M,DK,04782310013,26-08-2024,,6262921
DK,04562405963,05963,24-05-2024,Zwartbont,M,DK,04534805916,26-08-2024,,6262921
DK,04562405964,05964,25-05-2024,Zwartbont,M,DK,04534805664,26-08-2024,,6262921
DK,04562405966,05966,28-05-2024,Zwartbont,M,DK,04534806067,26-08-2024,,6262921
DK,02070405990,05990,27-05-2024,Zwartbont,M,DK,02070405044,26-08-2024,,6262921
NL,766959918,5991,24-05-2024,Zwartbont,M,NL,642556006,26-08-2024,,6262921
DK,02070405994,05994,27-05-2024,Zwartbont,M,DK,02070403900,26-08-2024,,6262921
DK,02070405997,05997,28-05-2024,Zwartbont,M,DK,02070405062,26-08-2024,,6262921
BE,418146015,6015,31-05-2024,Zwartbont,M,BE,317425412,26-08-2024,,6262921
BE,018146020,6020,03-06-2024,Zwartbont,M,BE,914384621,26-08-2024,,6262921
BE,918146021,6021,06-06-2024,Zwartbont,M,BE,014384553,26-08-2024,,6262921
LU,018416038,6038,23-05-2024,Zwartbont,M,,,26-08-2024,,6262921
LU,218416040,6040,26-05-2024,Zwartbont,M,,,26-08-2024,,6262921
LU,118416046,6046,04-06-2024,Zwartbont,M,,,26-08-2024,,6262921
DK,06470606056,06056,05-05-2024,Zwartbont,M,DK,06470604399,26-08-2024,,6262921
DK,06470606058,06058,03-05-2024,Zwartbont,M,DK,06470605372,26-08-2024,,6262921
DK,06470606061,06061,05-05-2024,Zwartbont,M,DK,06470604626,26-08-2024,,6262921
LU,018446074,6074,25-05-2024,Zwartbont,M,,,26-08-2024,,6262921
LU,518446077,6077,26-05-2024,Zwartbont,M,,,26-08-2024,,6262921
LU,118446079,6079,26-05-2024,Zwartbont,M,,,26-08-2024,,6262921
LU,118446082,6082,28-05-2024,Zwartbont,M,,,26-08-2024,,6262921
NL,712860844,6084,27-05-2024,Zwartbont,M,NL,875629586,26-08-2024,,6262921
LU,818446084,6084,28-05-2024,Zwartbont,M,,,26-08-2024,,6262921
NL,712860851,6085,27-05-2024,Zwartbont,M,NL,653628347,26-08-2024,,6262921
LU,918446089,6089,01-06-2024,Zwartbont,M,,,26-08-2024,,6262921
BE,918236107,6107,01-06-2024,Zwartbont,M,BE,819042037,26-08-2024,,6262921
NL,621461152,6115,24-05-2024,Zwartbont,M,NL,643957659,26-08-2024,,6262921
BE,717956137,6137,23-05-2024,Zwartbont,M,BE,436782044,26-08-2024,,6262921
BE,517956138,6138,29-05-2024,Zwartbont,M,BE,730211913,26-08-2024,,6262921
NL,629161490,6149,06-06-2024,Zwartbont,V,NL,713854901,26-08-2024,,6262921
DK,02721806149,06149,03-05-2024,Zwartbont,M,DK,02721805089,26-08-2024,,6262921
DK,02721806157,06157,08-05-2024,Zwartbont,M,DK,02721805161,26-08-2024,,6262921
DK,02721806160,06160,15-05-2024,Zwartbont,M,DK,02721804695,26-08-2024,,6262921
DK,02721806163,06163,19-05-2024,Zwartbont,M,DK,02721804388,26-08-2024,,6262921
DK,02721806164,06164,21-05-2024,Zwartbont,M,DK,02721805084,26-08-2024,,6262921
BE,718206199,6199,27-05-2024,Zwartbont,M,BE,617317944,26-08-2024,,6262921
LU,118136207,6207,25-04-2022,Rood-wit,M,LU,599219906,01-12-2022,,6262921
BE,718126207,6207,26-05-2024,Roodbont,M,BE,924991480,26-08-2024,,6262921
BE,518126208,6208,31-05-2024,Roodbont,M,BE,615809487,26-08-2024,,6262921
DK,05027306213,06213,22-05-2024,Zwartbont,M,DK,05027305550,26-08-2024,,6262921
NL,624462165,6216,01-05-2024,Zwartbont,M,NL,546958562,26-08-2024,,6262921
NL,624462259,6225,23-05-2024,Zwartbont,M,NL,576057293,26-08-2024,,6262921
DK,03032606270,06270,10-05-2024,Zwartbont,M,DK,03032605205,26-08-2024,,6262921
DK,03032606272,06272,11-05-2024,Zwartbont,M,DK,03032605393,26-08-2024,,6262921
DK,03032606274,06274,11-05-2024,Zwartbont,M,DK,03032604961,26-08-2024,,6262921
DK,03032606276,06276,09-05-2024,Zwartbont,M,DK,03032605232,26-08-2024,,6262921
NL,562362772,6277,12-06-2024,Zwartbont,M,NL,660360014,26-08-2024,,6262921
DK,03032606280,06280,15-05-2024,Zwartbont,M,DK,03032605514,26-08-2024,,6262921
NL,645362824,6282,14-05-2024,Zwartbont,M,NL,710832601,26-08-2024,,6262921
NL,698762851,6285,25-05-2024,Eenkleurig bruin,M,NL,628159829,26-08-2024,,6262921
DK,03032606285,06285,24-05-2024,Zwartbont,M,DK,03032605559,26-08-2024,,6262921
NL,645362862,6286,25-05-2024,Zwartbont,M,NL,625659629,26-08-2024,,6262921
DK,03032606287,06287,28-05-2024,Zwartbont,M,DK,03032605567,26-08-2024,,6262921
NL,645362886,6288,23-05-2024,Roodbont,V,NL,749034560,26-08-2024,,6262921
DK,03032606288,06288,28-05-2024,Zwartbont,M,DK,03032605765,26-08-2024,,6262921
DK,03032606289,06289,25-05-2024,Zwartbont,M,DK,03032605216,26-08-2024,,6262921
DK,03032606293,06293,27-05-2024,Zwartbont,M,DK,03032605078,26-08-2024,,6262921
DK,03032606294,06294,27-05-2024,Zwartbont,M,DK,03032605671,26-08-2024,,6262921
NL,578563110,6311,17-05-2024,Zwartbont,M,NL,546858510,26-08-2024,,6262921
NL,578563127,6312,13-05-2024,Zwartbont,M,NL,577061024,26-08-2024,,6262921
NL,578563134,6313,12-05-2024,Zwartbont,M,NL,577061079,26-08-2024,,6262921
NL,578563242,6324,17-03-2024,Zwartbont,M,NL,939559354,24-06-2024,,6262921
BE,518196341,6341,27-05-2024,Zwartbont,M,BE,013685602,26-08-2024,,6262921
DK,02092106351,06351,25-05-2024,Zwartbont,M,DK,03729507759,26-08-2024,,6262921
DK,04070606370,06370,17-05-2024,Zwartbont,M,DK,04070604939,26-08-2024,,6262921
DK,04070606372,06372,17-05-2024,Zwartbont,M,DK,04070605387,26-08-2024,,6262921
DK,04070606373,06373,17-05-2024,Zwartbont,M,DK,04070604856,26-08-2024,,6262921
DK,04070606375,06375,28-05-2024,Zwartbont,M,DK,04070605672,26-08-2024,,6262921
DK,04070606376,06376,29-05-2024,Zwartbont,M,DK,04070605331,26-08-2024,,6262921
DK,03879206402,06402,22-05-2024,Zwartbont,M,DK,03879205587,26-08-2024,,6262921
DK,03879206404,06404,29-05-2024,Zwartbont,M,DK,03879205630,26-08-2024,,6262921
NL,629164110,6411,08-06-2024,Zwartbont,M,NL,588755556,26-08-2024,,6262921
BE,918056478,6478,07-06-2024,Zwartbont,M,BE,513334337,26-08-2024,,6262921
LU,718376496,6496,04-06-2024,Zwartbont,M,,,26-08-2024,,6262921
LU,618336539,6539,25-05-2024,Zwartbont,M,,,26-08-2024,,6262921
DK,04240506575,06575,19-05-2024,Zwartbont,M,DK,04240505471,26-08-2024,,6262921
DK,04240506576,06576,19-05-2024,Zwartbont,M,DK,04240505471,26-08-2024,,6262921
DK,04240506577,06577,19-05-2024,Zwartbont,M,DK,04240504862,26-08-2024,,6262921
DK,04240506578,06578,20-05-2024,Zwartbont,M,DK,04240505837,26-08-2024,,6262921
DK,04240506580,06580,25-05-2024,Zwartbont,M,DK,04240505341,26-08-2024,,6262921
DK,04240506583,06583,27-05-2024,Zwartbont,M,DK,04240505614,26-08-2024,,6262921
NL,968065967,6596,29-05-2024,Zwartbont,M,NL,657662798,26-08-2024,,6262921
NL,542266029,6602,16-03-2024,Zwartbont,M,NL,696164404,24-06-2024,,6262921
BE,118096615,6615,28-05-2024,Zwartbont,M,BE,913957969,26-08-2024,,6262921
BE,118096616,6616,28-05-2024,Zwartbont,M,BE,512201871,26-08-2024,,6262921
BE,818096617,6617,28-05-2024,Zwartbont,M,BE,013707369,26-08-2024,,6262921
DK,05042106630,06630,13-05-2024,Zwartbont,M,DK,05042105418,26-08-2024,,6262921
DK,05042106632,06632,14-05-2024,Zwartbont,M,DK,05042106051,26-08-2024,,6262921
DK,05042106634,06634,15-05-2024,Zwartbont,M,DK,05042105900,26-08-2024,,6262921
NL,607766381,6638,10-06-2024,Zwartbont,M,NL,666863797,26-08-2024,,6262921
DK,06246906649,06649,22-05-2024,Zwartbont,M,DK,06246905661,26-08-2024,,6262921
DK,06246906650,06650,25-05-2024,Zwartbont,M,DK,06246904628,26-08-2024,,6262921
BE,218166654,6654,22-05-2024,Zwartbont,M,BE,114643289,26-08-2024,,6262921
DK,04438806657,06657,20-05-2024,Zwartbont,M,DK,03635406577,26-08-2024,,6262921
NL,887967258,6725,09-03-2024,Zwartbont,M,NL,894003956,24-06-2024,,6262921
LU,518296732,6732,25-05-2024,Zwartbont,M,,,26-08-2024,,6262921
LU,118366734,6734,29-05-2024,Zwartbont,M,,,26-08-2024,,6262921
LU,118336750,6750,04-06-2024,Roodbont,M,,,26-08-2024,,6262921
NL,578367512,6751,10-06-2024,Zwartbont,M,NL,733772801,26-08-2024,,6262921
NL,578467797,6779,22-05-2024,Zwartbont,M,NL,608665724,26-08-2024,,6262921
DK,05087206779,06779,07-05-2024,Zwartbont,M,DK,05087206121,26-08-2024,,6262921
BE,718086789,6789,23-05-2024,Zwartbont,M,BE,615949071,26-08-2024,,6262921
DK,05087206795,06795,21-05-2024,Zwartbont,M,DK,05087205941,26-08-2024,,6262921
DK,05087206802,06802,29-05-2024,Zwartbont,M,DK,05087205225,26-08-2024,,6262921
DK,04661106803,06803,22-05-2024,Zwartbont,M,DK,04287803370,26-08-2024,,6262921
BE,117936816,6816,21-05-2024,Zwartbont,M,BE,128362206,26-08-2024,,6262921
DK,03145206827,06827,14-05-2024,Zwartbont,M,DK,03145205860,26-08-2024,,6262921
DK,03145206829,06829,16-05-2024,Zwartbont,M,DK,03145205795,26-08-2024,,6262921
NL,645068395,6839,28-05-2024,Roodbont,M,NL,599062917,26-08-2024,,6262921
DK,03145206839,06839,28-05-2024,Zwartbont,M,DK,03145205580,26-08-2024,,6262921
DK,03145206841,06841,28-05-2024,Zwartbont,M,DK,03145205580,26-08-2024,,6262921
NL,539868487,6848,20-05-2024,Zwartbont,M,NL,753918076,26-08-2024,,6262921
NL,689868607,6860,29-05-2024,Zwartbont,M,NL,590961785,26-08-2024,,6262921
NL,689868614,6861,29-05-2024,Zwartbont,M,NL,590961468,26-08-2024,,6262921
DK,05110106868,06868,19-05-2024,Zwartbont,M,DK,05110105699,26-08-2024,,6262921
DK,05110106870,06870,25-05-2024,Zwartbont,M,DK,05110105527,26-08-2024,,6262921
NL,925968801,6880,15-03-2024,Roodbont,M,NL,615166140,24-06-2024,,6262921
BE,018146891,6891,09-06-2024,Zwartbont,M,BE,113717701,26-08-2024,,6262921
BE,518146894,6894,30-05-2024,Zwartbont,M,BE,117386905,26-08-2024,,6262921
NL,885069677,6967,29-05-2024,Zwartbont,M,NL,636659818,26-08-2024,,6262921
LU,118376972,6972,26-05-2024,Zwartbont,M,,,26-08-2024,,6262921
LU,118376973,6973,29-05-2024,Zwartbont,M,,,26-08-2024,,6262921
NL,608169923,6992,01-06-2024,Roodbont,M,NL,638964675,26-08-2024,,6262921
DK,02183507008,07008,13-05-2024,Zwartbont,M,DK,02183506066,26-08-2024,,6262921
DK,02183507009,07009,13-05-2024,Zwartbont,M,DK,02183505427,26-08-2024,,6262921
BE,118187045,7045,26-05-2024,Zwartbont,M,BE,114064979,26-08-2024,,6262921
LU,018357055,7055,29-05-2024,Zwartbont,M,,,26-08-2024,,6262921
DK,06229507090,07090,18-05-2024,Zwartbont,M,DK,06229505176,26-08-2024,,6262921
DK,05043007094,07094,24-05-2024,Zwartbont,M,DK,05043006600,26-08-2024,,6262921
DK,06229507101,07101,21-05-2024,Zwartbont,M,DK,06229505578,26-08-2024,,6262921
DK,06229507104,07104,18-05-2024,Zwartbont,M,DK,06229506232,26-08-2024,,6262921
DK,06229507105,07105,17-05-2024,Zwartbont,M,DK,06229504975,26-08-2024,,6262921
LU,918347160,7160,27-05-2024,Zwartbont,M,,,26-08-2024,,6262921
LU,718347161,7161,28-05-2024,Zwartbont,M,,,26-08-2024,,6262921
DK,03245207183,07183,14-05-2024,Zwartbont,M,DK,03245206319,26-08-2024,,6262921
LU,318377201,7201,16-05-2024,Roodbont,M,,,26-08-2024,,6262921
NL,606772039,7203,15-03-2024,Zwartbont,M,NL,896167975,24-06-2024,,6262921
DK,06628007218,07218,23-05-2024,Zwartbont,M,DK,06628006108,26-08-2024,,6262921
DK,06628007226,07226,28-05-2024,Zwartbont,M,DK,06628005671,26-08-2024,,6262921
DK,06628007228,07228,28-05-2024,Zwartbont,M,DK,06628005275,26-08-2024,,6262921
NL,732672478,7247,30-05-2024,Zwartbont,M,NL,672366543,26-08-2024,,6262921
NL,732672517,7251,26-05-2024,Zwartbont,M,NL,585464666,26-08-2024,,6262921
BE,018147281,7281,28-05-2024,Zwartbont,M,BE,318150378,26-08-2024,,6262921
BE,617877317,7317,25-05-2024,Zwartbont,M,BE,622242224,26-08-2024,,6262921
NL,613273330,7333,23-05-2024,Zwartbont,M,NL,591372166,26-08-2024,,6262921
NL,613273347,7334,26-05-2024,Zwartbont,M,NL,591371978,26-08-2024,,6262921
BE,118147353,7353,27-05-2024,Zwartbont,M,BE,117424733,26-08-2024,,6262921
NL,687073937,7393,29-04-2024,Zwartbont,V,NL,611364308,26-08-2024,,6262921
DK,05026507396,07396,12-05-2024,Zwartbont,M,DK,05026506390,26-08-2024,,6262921
DK,05026507399,07399,14-05-2024,Zwartbont,M,DK,05026505537,26-08-2024,,6262921
BE,118157401,7401,02-06-2024,Zwartbont,M,BE,913897823,26-08-2024,,6262921
DK,05026507403,07403,19-05-2024,Zwartbont,M,DK,05026506491,26-08-2024,,6262921
DK,05026507404,07404,19-05-2024,Zwartbont,M,DK,05026505301,26-08-2024,,6262921
DK,05026507407,07407,24-05-2024,Zwartbont,M,DK,05026505389,26-08-2024,,6262921
DK,05026507412,07412,25-05-2024,Zwartbont,M,DK,05026506057,26-08-2024,,6262921
DK,05026507413,07413,27-05-2024,Zwartbont,M,DK,05026506509,26-08-2024,,6262921
BE,018127421,7421,17-05-2024,Roodbont,M,BE,114895851,26-08-2024,,6262921
BE,118127426,7426,29-05-2024,Roodbont,M,BE,513544338,26-08-2024,,6262921
NL,734774341,7434,05-06-2024,Zwartbont,M,NL,648672081,26-08-2024,,6262921
NL,682074461,7446,04-06-2023,Zwartbont,M,NL,663468830,29-01-2024,,6262921
NL,637174499,7449,18-05-2024,Roodbont,V,NL,941958688,26-08-2024,,6262921
NL,637874513,7451,28-05-2024,Roodbont,M,NL,546971855,26-08-2024,,6262921
LU,018387463,7463,28-05-2024,Zwartbont,M,,,26-08-2024,,6262921
NL,563474643,7464,29-05-2024,Zwartbont,M,NL,619842655,26-08-2024,,6262921
LU,918387464,7464,28-05-2024,Zwartbont,M,,,26-08-2024,,6262921
NL,563474667,7466,26-05-2024,Zwartbont,M,NL,619842369,26-08-2024,,6262921
DK,05125807495,07495,21-05-2024,Zwartbont,M,DK,05125805863,26-08-2024,,6262921
LU,118317504,7504,29-05-2024,Zwartbont,M,,,26-08-2024,,6262921
LU,318327513,7513,03-06-2024,Zwartbont,M,,,26-08-2024,,6262921
LU,118387521,7521,28-05-2024,Zwartbont,M,,,26-08-2024,,6262921
LU,918397525,7525,26-05-2024,Zwartbont,M,,,26-08-2024,,6262921
NL,582075597,7559,11-03-2024,Zwartbont,M,NL,581073482,24-06-2024,,6262921
NL,580275669,7566,07-11-2019,Zwartbont,M,NL,929753814,06-02-2020,,6262921
NL,565175692,7569,11-03-2024,Zwartbont,M,NL,632342813,24-06-2024,,6262921
NL,565175724,7572,18-03-2024,Zwartbont,M,NL,632542273,24-06-2024,,6262921
LU,018317610,7610,29-05-2024,Zwartbont,M,,,26-08-2024,,6262921
DK,05620507693,07693,26-05-2024,Zwartbont,M,DK,05620505920,26-08-2024,,6262921
DK,05620507695,07695,26-05-2024,Zwartbont,M,DK,05620506255,26-08-2024,,6262921
DK,05620507697,07697,28-05-2024,Zwartbont,M,DK,05620505409,26-08-2024,,6262921
NL,698777266,7726,27-05-2024,Roodbont,M,NL,567293523,26-08-2024,,6262921
NL,895377319,7731,27-05-2024,Zwartbont,M,NL,549574479,26-08-2024,,6262921
BE,518157734,7734,04-06-2024,Roodbont,M,BE,413583679,26-08-2024,,6262921
NL,596277525,7752,09-06-2024,Zwartbont,M,NL,663471092,26-08-2024,,6262921
BE,018157776,7776,18-05-2024,Roodbont,M,BE,138672036,26-08-2024,,6262921
LU,718337777,7777,23-05-2024,Zwartbont,M,,,26-08-2024,,6262921
LU,018357797,7797,14-05-2024,Zwartbont,M,,,26-08-2024,,6262921
LU,218357829,7829,24-05-2024,Zwartbont,M,,,26-08-2024,,6262921
BE,418207850,7850,03-06-2024,Zwartbont,M,BE,519692271,26-08-2024,,6262921
LU,118357869,7869,04-06-2024,Zwartbont,M,,,26-08-2024,,6262921
DK,05503107914,07914,16-05-2024,Zwartbont,M,DK,05503105756,26-08-2024,,6262921
DK,05503107915,07915,18-05-2024,Zwartbont,M,DK,05503106000,26-08-2024,,6262921
DK,05503107919,07919,24-05-2024,Zwartbont,M,DK,05503105509,26-08-2024,,6262921
NL,646479442,7944,27-05-2024,Roodbont,M,NL,718374466,26-08-2024,,6262921
BE,118268030,8030,22-05-2024,Zwartbont,M,BE,015277047,26-08-2024,,6262921
LU,318358034,8034,28-05-2024,Zwartbont,M,,,26-08-2024,,6262921
NL,637980601,8060,11-06-2024,Zwartbont,M,NL,840974451,26-08-2024,,6262921
NL,736680848,8084,22-05-2024,Zwartbont,M,NL,698475771,26-08-2024,,6262921
NL,730180931,8093,09-06-2024,Zwartbont,M,NL,937475027,26-08-2024,,6262921
NL,891280936,8093,22-05-2024,Zwartbont,M,NL,641974966,26-08-2024,,6262921
DK,03507608100,08100,25-10-2023,Zwartbont,M,DK,03507607210,08-07-2024,,6262921
LU,318258113,8113,03-06-2024,Zwartbont,M,,,26-08-2024,,6262921
LU,918328141,8141,27-05-2024,Zwartbont,M,,,26-08-2024,,6262921
LU,118328145,8145,28-05-2024,Zwartbont,M,,,26-08-2024,,6262921
LU,818328147,8147,04-06-2024,Zwartbont,M,,,26-08-2024,,6262921
BE,218188184,8184,03-06-2024,Zwartbont,M,BE,814895402,26-08-2024,,6262921
BE,118118226,8226,29-05-2024,Zwartbont,M,BE,114889582,26-08-2024,,6262921
BE,318148226,8226,02-06-2024,Zwartbont,M,BE,317760721,26-08-2024,,6262921
BE,118148228,8228,02-06-2024,Zwartbont,M,BE,117760723,26-08-2024,,6262921
NL,886682590,8259,28-05-2024,Zwartbont,M,NL,608077905,26-08-2024,,6262921
DK,03288008271,08271,17-05-2024,Zwartbont,M,DK,03288007134,26-08-2024,,6262921
DK,03288008275,08275,24-05-2024,Zwartbont,M,DK,03288005774,26-08-2024,,6262921
DK,03288008276,08276,24-05-2024,Zwartbont,M,DK,03288005768,26-08-2024,,6262921
DK,03288008277,08277,26-05-2024,Zwartbont,M,DK,03288005724,26-08-2024,,6262921
DK,03288008279,08279,27-05-2024,Zwartbont,M,DK,03288005991,26-08-2024,,6262921
DK,03288008280,08280,29-05-2024,Zwartbont,M,DK,03288005566,26-08-2024,,6262921
DK,03288008281,08281,01-06-2024,Roodbont,M,DK,03288006302,26-08-2024,,6262921
DK,03288008283,08283,03-06-2024,Zwartbont,M,DK,03288007101,26-08-2024,,6262921
DK,03507608308,08308,24-05-2024,Zwartbont,M,DK,03507607013,26-08-2024,,6262921
DK,03507608318,08318,05-06-2024,Zwartbont,M,DK,03507607386,26-08-2024,,6262921
LU,118338367,8367,28-05-2024,Zwartbont,M,,,26-08-2024,,6262921
NL,713583670,8367,27-05-2024,Zwartbont,M,NL,542478819,26-08-2024,,6262921
NL,928983713,8371,25-05-2024,Zwartbont,M,NL,628982124,26-08-2024,,6262921
NL,680884318,8431,12-06-2024,Zwartbont,M,NL,708174476,26-08-2024,,6262921
NL,868085074,8507,05-06-2024,Zwartbont,M,NL,599882841,26-08-2024,,6262921
NL,565285434,8543,07-06-2024,Zwartbont,M,NL,628973863,26-08-2024,,6262921
NL,565285496,8549,02-06-2024,Zwartbont,M,NL,671969233,26-08-2024,,6262921
NL,764885495,8549,04-06-2024,Zwartbont,M,NL,656669680,26-08-2024,,6262921
NL,579085824,8582,11-06-2024,Zwartbont,M,NL,662084279,26-08-2024,,6262921
LU,618368584,8584,26-05-2024,Roodbont,M,,,26-08-2024,,6262921
NL,540385858,8585,28-05-2024,Zwartbont,M,NL,544584480,26-08-2024,,6262921
NL,684186009,8600,30-05-2024,Roodbont,M,NL,664581013,26-08-2024,,6262921
NL,684186016,8601,04-06-2024,Roodbont,M,NL,541083047,26-08-2024,,6262921
BE,618068639,8639,19-05-2024,Zwartbont,M,BE,616537442,26-08-2024,,6262921
BE,118068640,8640,18-05-2024,Zwartbont,M,BE,414869255,26-08-2024,,6262921
BE,518048643,8643,24-05-2024,Zwartbont,M,BE,919692266,26-08-2024,,6262921
BE,118048645,8645,22-05-2024,Zwartbont,M,BE,117991961,26-08-2024,,6262921
BE,118048646,8646,31-05-2024,Zwartbont,M,BE,119692288,26-08-2024,,6262921
BE,818048647,8647,02-06-2024,Zwartbont,M,BE,319692286,26-08-2024,,6262921
BE,418048649,8649,02-06-2024,Zwartbont,M,BE,029812040,26-08-2024,,6262921
NL,645086513,8651,25-10-2023,Zwartbont,M,NL,573078796,15-07-2024,,6262921
LU,018318675,8675,28-05-2024,Zwartbont,M,,,26-08-2024,,6262921
NL,630487910,8791,05-06-2024,Roodbont,M,NL,736777683,26-08-2024,,6262921
NL,709088279,8827,20-12-2023,Zwartbont,M,NL,547384698,23-03-2024,,6262921
LU,018338845,8845,05-06-2024,Zwartbont,M,,,26-08-2024,,6262921
BE,018008848,8848,23-05-2024,Zwartbont,M,BE,417532077,26-08-2024,,6262921
BE,218008850,8850,31-05-2024,Zwartbont,M,BE,328242063,26-08-2024,,6262921
BE,718008853,8853,04-06-2024,Zwartbont,M,BE,914571745,26-08-2024,,6262921
LU,718348858,8858,26-05-2024,Zwartbont,M,,,26-08-2024,,6262921
NL,661088706,8870,28-05-2024,Zwartbont,M,NL,899141275,26-08-2024,,6262921
NL,661088720,8872,26-05-2024,Zwartbont,M,NL,579245877,26-08-2024,,6262921
NL,679488729,8872,29-05-2024,Zwartbont,M,NL,684381116,26-08-2024,,6262921
NL,625388855,8885,24-05-2024,Zwartbont,M,NL,644887434,26-08-2024,,6262921
NL,607789078,8907,24-05-2024,Zwartbont,M,NL,648685849,26-08-2024,,6262921
NL,607789085,8908,25-05-2024,Zwartbont,M,NL,648686075,26-08-2024,,6262921
DK,03840108921,08921,21-05-2024,Zwartbont,M,DK,03840107678,26-08-2024,,6262921
DK,03840108922,08922,23-05-2024,Zwartbont,M,DK,03840107926,26-08-2024,,6262921
DK,03840108925,08925,26-05-2024,Zwartbont,M,DK,03840107593,26-08-2024,,6262921
NL,594589480,8948,07-06-2024,Zwartbont,M,NL,926887514,26-08-2024,,6262921
BE,217988968,8968,08-06-2024,Zwartbont,M,BE,029062221,26-08-2024,,6262921
NL,928989920,8992,29-05-2024,Zwartbont,M,NL,579986729,26-08-2024,,6262921
FR,8844649056,9056,12-11-2023,Zwartbont,M,FR,8844078236,04-03-2024,,6262921
LU,518379058,9058,04-06-2024,Zwartbont,M,,,26-08-2024,,6262921
BE,118179073,9073,30-05-2024,Zwartbont,M,BE,114208675,26-08-2024,,6262921
BE,418179080,9080,28-05-2024,Zwartbont,M,BE,317387941,26-08-2024,,6262921
BE,218179081,9081,01-06-2024,Zwartbont,M,BE,463869593,26-08-2024,,6262921
BE,418209081,9081,31-05-2024,Zwartbont,M,BE,917516207,26-08-2024,,6262921
BE,218209082,9082,31-05-2024,Zwartbont,M,BE,864129747,26-08-2024,,6262921
BE,217939107,9107,04-06-2024,Zwartbont,M,BE,413616020,26-08-2024,,6262921
BE,017939108,9108,03-06-2024,Zwartbont,M,BE,213649536,26-08-2024,,6262921
LU,218359113,9113,25-05-2024,Zwartbont,M,,,26-08-2024,,6262921
DK,05938209114,09114,24-05-2024,Zwartbont,M,DK,05938208218,26-08-2024,,6262921
NL,562591763,9176,26-05-2024,Roodbont,M,NL,935187803,26-08-2024,,6262921
NL,562591787,9178,28-05-2024,Zwartbont,M,NL,620484949,26-08-2024,,6262921
NL,606891783,9178,28-05-2024,Zwartbont,M,NL,766004977,26-08-2024,,6262921
NL,589091792,9179,25-05-2024,Zwartbont,M,NL,643886081,26-08-2024,,6262921
DK,04708109199,09199,27-05-2024,Zwartbont,M,DK,04390204081,26-08-2024,,6262921
NL,613492500,9250,25-05-2024,Roodbont,M,NL,573485996,26-08-2024,,6262921
NL,867992689,9268,06-06-2024,Zwartbont,M,NL,641990683,26-08-2024,,6262921
BE,818149283,9283,20-05-2024,Zwartbont,M,BE,614133804,26-08-2024,,6262921
NL,631792884,9288,03-06-2024,Zwartbont,M,NL,877289539,26-08-2024,,6262921
BE,718149289,9289,24-05-2024,Zwartbont,M,BE,017555118,26-08-2024,,6262921
NL,897392910,9291,27-05-2024,Zwartbont,M,NL,878188011,26-08-2024,,6262921
BE,518149293,9293,24-05-2024,Zwartbont,M,BE,817635089,26-08-2024,,6262921
BE,717969311,9311,12-06-2024,Zwartbont,M,BE,619342212,26-08-2024,,6262921
DK,04533209311,09311,19-05-2024,Zwartbont,M,DK,04533207846,26-08-2024,,6262921
DK,04533209313,09313,22-05-2024,Zwartbont,M,DK,04533207805,26-08-2024,,6262921
DK,04533209314,09314,23-05-2024,Zwartbont,M,DK,04533207010,26-08-2024,,6262921
DK,04533209316,09316,27-05-2024,Zwartbont,M,DK,04533208271,26-08-2024,,6262921
NL,929893172,9317,25-05-2024,Zwartbont,M,NL,657509767,26-08-2024,,6262921
NL,625993217,9321,10-06-2024,Zwartbont,M,NL,688388779,26-08-2024,,6262921
LU,418329334,9334,28-05-2024,Zwartbont,M,,,26-08-2024,,6262921
LU,918329337,9337,28-05-2024,Zwartbont,M,,,26-08-2024,,6262921
BE,818169419,9419,02-06-2024,Zwartbont,M,BE,827092235,26-08-2024,,6262921
BE,117979438,9438,06-05-2024,Zwartbont,M,BE,514564121,26-08-2024,,6262921
BE,018009465,9465,27-05-2024,Zwartbont,M,BE,617319161,26-08-2024,,6262921
BE,518009468,9468,03-06-2024,Zwartbont,M,BE,917319103,26-08-2024,,6262921
NL,937794845,9484,25-05-2024,Zwartbont,M,NL,885184110,26-08-2024,,6262921
BE,018039498,9498,25-05-2024,Zwartbont,M,BE,414000493,26-08-2024,,6262921
NL,539894987,9498,31-05-2024,Roodbont,M,NL,581401854,26-08-2024,,6262921
LU,918359499,9499,01-06-2024,Zwartbont,M,,,26-08-2024,,6262921
NL,539895005,9500,03-06-2024,Roodbont,M,NL,695093765,26-08-2024,,6262921
LU,218359502,9502,04-06-2024,Zwartbont,M,,,26-08-2024,,6262921
LU,418349566,9566,30-05-2024,Zwartbont,M,,,26-08-2024,,6262921
BE,017939660,9660,03-06-2024,Zwartbont,M,BE,814828881,26-08-2024,,6262921
BE,618039660,9660,31-05-2024,Zwartbont,M,BE,014766792,26-08-2024,,6262921
BE,618189705,9705,24-05-2024,Zwartbont,M,BE,617366190,26-08-2024,,6262921
NL,629397406,9740,23-05-2024,Roodbont,M,NL,679402503,26-08-2024,,6262921
BE,918049756,9756,13-06-2024,Zwartbont,M,BE,014262226,26-08-2024,,6262921
NL,880597685,9768,14-05-2024,Zwartbont,M,NL,869199631,26-08-2024,,6262921
NL,581397755,9775,19-05-2024,Zwartbont,M,NL,548995460,26-08-2024,,6262921
NL,750997818,9781,03-05-2024,Zwartbont,M,NL,676592553,26-08-2024,,6262921
NL,641298114,9811,27-05-2024,Roodbont,M,NL,942894958,26-08-2024,,6262921
LU,018349859,9859,27-05-2024,Zwartbont,M,,,26-08-2024,,6262921
NL,726498767,9876,29-05-2024,Zwartbont,M,NL,656786965,26-08-2024,,6262921
NL,695198781,9878,27-05-2024,Roodbont,M,NL,869097032,26-08-2024,,6262921
NL,617299183,9918,25-05-2024,Zwartbont,M,NL,563397814,26-08-2024,,6262921
LU,918309928,9928,15-05-2024,Zwartbont,M,,,26-08-2024,,6262921
BE,018179969,9969,05-06-2024,Zwartbont,M,BE,714953601,26-08-2024,,6262921
BE,218059989,9989,22-05-2024,Zwartbont,M,BE,917418777,26-08-2024,,6262921
DK,04219310535,10535,23-05-2024,Zwartbont,M,DK,04219308315,26-08-2024,,6262921
DK,03169110607,10607,04-05-2024,Zwartbont,M,DK,03169108476,26-08-2024,,6262921
DK,03169110621,10621,11-05-2024,Zwartbont,M,DK,03169105428,26-08-2024,,6262921
DK,03169110633,10633,18-05-2024,Zwartbont,M,DK,03169109125,26-08-2024,,6262921
DK,03169110638,10638,18-05-2024,Zwartbont,M,DK,03169107870,26-08-2024,,6262921
DK,03169110643,10643,21-05-2024,Zwartbont,M,DK,03169106522,26-08-2024,,6262921
DK,03169110655,10655,25-05-2024,Zwartbont,M,DK,03169108537,26-08-2024,,6262921
DK,03169110659,10659,27-05-2024,Zwartbont,M,DK,03169109105,26-08-2024,,6262921
DK,03169110664,10664,30-05-2024,Zwartbont,M,DK,03169107143,26-08-2024,,6262921
DK,03168911398,11398,12-05-2024,Zwartbont,M,DK,03168910210,26-08-2024,,6262921
DK,03168911506,11506,17-05-2024,Zwartbont,M,DK,03168909533,26-08-2024,,6262921
DK,03168911511,11511,26-05-2024,Zwartbont,M,DK,03168908997,26-08-2024,,6262921
DK,03168911513,11513,29-05-2024,Zwartbont,M,DK,03168907894,26-08-2024,,6262921
DK,03168911514,11514,31-05-2024,Zwartbont,M,DK,03168907818,26-08-2024,,6262921
DK,03168911515,11515,01-06-2024,Zwartbont,M,DK,03168908577,26-08-2024,,6262921
DK,03168911516,11516,01-06-2024,Zwartbont,M,DK,03168908902,26-08-2024,,6262921
DK,03168911517,11517,02-06-2024,Zwartbont,M,DK,03168909346,26-08-2024,,6262921
DK,03168911519,11519,05-06-2024,Zwartbont,M,DK,03168908753,26-08-2024,,6262921
DK,03168911520,11520,05-06-2024,Zwartbont,M,DK,03168909530,26-08-2024,,6262921
DK,03372311529,11529,15-05-2024,Zwartbont,M,DK,03372309788,26-08-2024,,6262921
DK,03372311551,11551,15-05-2024,Zwartbont,M,DK,03372309170,26-08-2024,,6262921
DK,04949011581,11581,30-04-2024,Zwartbont,M,DK,05140704067,26-08-2024,,6262921
DK,02736411647,11647,25-05-2024,Zwartbont,M,DK,02736407425,26-08-2024,,6262921
DK,02736411654,11654,26-05-2024,Zwartbont,M,DK,02736410074,26-08-2024,,6262921
DK,02736411656,11656,28-05-2024,Zwartbont,M,DK,02736409331,26-08-2024,,6262921
DK,04949011659,11659,08-05-2024,Zwartbont,M,DK,04949008512,26-08-2024,,6262921
DK,02736411662,11662,03-06-2024,Zwartbont,M,DK,02736408198,26-08-2024,,6262921
DK,04949011662,11662,11-05-2024,Zwartbont,M,DK,04949008701,26-08-2024,,6262921
DK,02736411666,11666,04-06-2024,Zwartbont,M,DK,02736410042,26-08-2024,,6262921
DK,04949011668,11668,13-05-2024,Zwartbont,M,DK,04949007206,26-08-2024,,6262921
DK,04949011671,11671,20-05-2024,Zwartbont,M,DK,04949009456,26-08-2024,,6262921
DK,02736411674,11674,05-06-2024,Zwartbont,M,DK,02736409384,26-08-2024,,6262921
DK,04949011684,11684,20-05-2024,Zwartbont,M,DK,04949007454,26-08-2024,,6262921
DK,04949011693,11693,22-05-2024,Zwartbont,M,DK,04949008084,26-08-2024,,6262921
DK,04949011698,11698,24-05-2024,Zwartbont,M,DK,04949008177,26-08-2024,,6262921
DK,04949011707,11707,27-05-2024,Zwartbont,M,DK,04949007264,26-08-2024,,6262921
DK,04528811907,11907,15-03-2024,Zwartbont,M,DK,04528809903,24-06-2024,,6262921
DK,04443111935,11935,12-03-2024,Zwartbont,M,DK,04443110649,24-06-2024,,6262921
DK,04958412358,12358,23-05-2024,Zwartbont,M,DK,04958410575,26-08-2024,,6262921
DK,04958412361,12361,24-05-2024,Zwartbont,M,DK,04958411211,26-08-2024,,6262921
DK,04442512698,12698,16-03-2024,Zwartbont,M,DK,04442508959,24-06-2024,,6262921
DK,04392012955,12955,27-05-2024,Zwartbont,M,DK,04392007130,26-08-2024,,6262921
DK,04942113338,13338,23-05-2024,Zwartbont,M,DK,05102408030,26-08-2024,,6262921
DK,04760113496,13496,18-05-2024,Roodbont,M,DK,04760111758,26-08-2024,,6262921
DK,04760113505,13505,22-05-2024,Zwartbont,M,DK,04760111774,26-08-2024,,6262921
DK,04760113506,13506,22-05-2024,Roodbont,M,DK,04760110586,26-08-2024,,6262921
DK,04760113508,13508,24-05-2024,Zwartbont,M,DK,04760111659,26-08-2024,,6262921
DK,03244313807,13807,28-05-2024,Zwartbont,M,DK,03244310711,26-08-2024,,6262921
DK,03244313810,13810,29-05-2024,Zwartbont,M,DK,03244310209,26-08-2024,,6262921
DK,03244313817,13817,01-06-2024,Zwartbont,M,DK,03244307545,26-08-2024,,6262921
DK,03244313821,13821,01-06-2024,Zwartbont,M,DK,03244311799,26-08-2024,,6262921
DK,03244313827,13827,03-06-2024,Zwartbont,M,DK,03244310646,26-08-2024,,6262921
DK,04554414582,14582,14-05-2024,Zwartbont,M,DK,04554413228,26-08-2024,,6262921
DK,04554414592,14592,23-05-2024,Zwartbont,M,DK,04554413192,26-08-2024,,6262921
DK,04554414595,14595,27-05-2024,Zwartbont,M,DK,04554412320,26-08-2024,,6262921
DK,02277214785,14785,12-05-2024,Zwartbont,M,DK,02277212434,26-08-2024,,6262921
DK,02277214790,14790,14-05-2024,Zwartbont,M,DK,02277211287,26-08-2024,,6262921
DK,02277214813,14813,21-05-2024,Zwartbont,M,DK,02277209857,26-08-2024,,6262921
DK,02277214814,14814,22-05-2024,Zwartbont,M,DK,04995603658,26-08-2024,,6262921
DK,02277214815,14815,24-05-2024,Zwartbont,M,DK,03750004058,26-08-2024,,6262921
DK,02277214821,14821,25-05-2024,Zwartbont,M,DK,02277210477,26-08-2024,,6262921
DK,02277214822,14822,26-05-2024,Zwartbont,M,DK,02277211395,26-08-2024,,6262921
DK,02277214824,14824,27-05-2024,Zwartbont,M,DK,02277211397,26-08-2024,,6262921
DK,02277214826,14826,27-05-2024,Zwartbont,M,DK,02277211409,26-08-2024,,6262921
DK,03012715374,15374,07-04-2024,Zwartbont,M,,,26-08-2024,,6262921
DK,03012715621,15621,21-05-2024,Zwartbont,M,DK,03012713384,26-08-2024,,6262921
DK,03012715624,15624,23-05-2024,Zwartbont,M,DK,03012711956,26-08-2024,,6262921
DK,03012715625,15625,25-05-2024,Zwartbont,M,DK,03012712333,26-08-2024,,6262921
DK,03012715626,15626,26-05-2024,Zwartbont,M,DK,03012712672,26-08-2024,,6262921
DK,03012715627,15627,27-05-2024,Zwartbont,M,DK,03012712518,26-08-2024,,6262921
DK,03012715628,15628,27-05-2024,Zwartbont,M,DK,03012714175,26-08-2024,,6262921
DK,03012715629,15629,31-05-2024,Zwartbont,M,DK,03012712466,26-08-2024,,6262921
DK,03075216041,16041,23-05-2024,Zwartbont,M,DK,03075212612,26-08-2024,,6262921
DK,03075216046,16046,24-05-2024,Zwartbont,M,DK,03075212591,26-08-2024,,6262921
DK,03075216062,16062,29-05-2024,Zwartbont,M,DK,03075213672,26-08-2024,,6262921
DK,03075216066,16066,30-05-2024,Zwartbont,M,DK,03075212249,26-08-2024,,6262921
DK,03075216067,16067,30-05-2024,Zwartbont,M,DK,03075214022,26-08-2024,,6262921
DK,03075216068,16068,30-05-2024,Zwartbont,M,DK,03075211212,26-08-2024,,6262921
DK,03075216078,16078,04-06-2024,Zwartbont,M,DK,03075210415,26-08-2024,,6262921
DK,03075216080,16080,05-06-2024,Zwartbont,M,DK,03075209380,26-08-2024,,6262921
DK,03226220904,20904,05-05-2024,Zwartbont,M,DK,03325105329,26-08-2024,,6262921
DK,03226220909,20909,30-04-2024,Zwartbont,M,DK,03226218647,26-08-2024,,6262921
DK,03226220928,20928,08-05-2024,Zwartbont,M,DK,03226219543,26-08-2024,,6262921
DK,03226220931,20931,09-05-2024,Zwartbont,M,DK,03226219546,26-08-2024,,6262921
DK,03226220933,20933,10-05-2024,Zwartbont,M,DK,03226219646,26-08-2024,,6262921
DK,03226220934,20934,10-05-2024,Zwartbont,M,DK,03226219307,26-08-2024,,6262921
DK,03226220939,20939,13-05-2024,Roodbont,M,DK,03226219323,26-08-2024,,6262921
DK,03226220940,20940,13-05-2024,Zwartbont,M,DK,03226217942,26-08-2024,,6262921
DK,03226220947,20947,16-05-2024,Roodbont,M,DK,03226219553,26-08-2024,,6262921
DK,03226220952,20952,20-05-2024,Zwartbont,M,DK,03226219530,26-08-2024,,6262921
DK,03226220953,20953,21-05-2024,Zwartbont,M,DK,03226219509,26-08-2024,,6262921
DK,03226220954,20954,17-05-2024,Zwartbont,M,DK,03226219697,26-08-2024,,6262921
DK,03226220955,20955,23-05-2024,Zwartbont,M,DK,03226217480,26-08-2024,,6262921
DK,03226220957,20957,24-05-2024,Zwartbont,M,DK,03226218725,26-08-2024,,6262921
DK,03226220958,20958,24-05-2024,Zwartbont,M,DK,03077004163,26-08-2024,,6262921
DK,03226220959,20959,25-05-2024,Zwartbont,M,DK,03226218670,26-08-2024,,6262921
DK,04751122944,22944,03-05-2024,Zwartbont,M,DK,04751116221,26-08-2024,,6262921
DK,04751122970,22970,19-05-2024,Zwartbont,M,DK,04751116139,26-08-2024,,6262921
DK,04751122973,22973,20-05-2024,Zwartbont,M,DK,04751116316,26-08-2024,,6262921
DK,04751122974,22974,20-05-2024,Zwartbont,M,DK,04751118397,26-08-2024,,6262921
DK,04751122978,22978,22-05-2024,Zwartbont,M,DK,04751118210,26-08-2024,,6262921
DK,04751122982,22982,23-05-2024,Zwartbont,M,DK,04751118360,26-08-2024,,6262921
DE,1269723751,23751,27-10-2020,Zwartbont,M,DE,1265326218,26-02-2021,,6262921
DK,03507823999,23999,18-05-2024,Zwartbont,M,DK,03507821726,26-08-2024,,6262921
DK,03507824000,24000,19-05-2024,Zwartbont,M,DK,03507817905,26-08-2024,,6262921
DK,03507824008,24008,23-05-2024,Zwartbont,M,DK,03507818481,26-08-2024,,6262921
DK,03507824009,24009,23-05-2024,Zwartbont,M,DK,03507817722,26-08-2024,,6262921
DK,03507824010,24010,23-05-2024,Zwartbont,M,DK,03507820938,26-08-2024,,6262921
DK,03507824014,24014,24-05-2024,Zwartbont,M,DK,03507819389,26-08-2024,,6262921
DK,03507824015,24015,25-05-2024,Zwartbont,M,DK,03507820720,26-08-2024,,6262921
DK,03507824018,24018,27-05-2024,Zwartbont,M,DK,03507818353,26-08-2024,,6262921
DK,03507824025,24025,02-06-2024,Zwartbont,M,DK,03507819744,26-08-2024,,6262921
DK,05118926973,26973,29-05-2024,Zwartbont,M,DK,05118922410,26-08-2024,,6262921
DK,05118926975,26975,29-05-2024,Zwartbont,M,DK,05118924857,26-08-2024,,6262921
DK,05118926977,26977,29-05-2024,Zwartbont,M,DK,05118925039,26-08-2024,,6262921
DK,05118926979,26979,29-05-2024,Zwartbont,M,DK,05118923462,26-08-2024,,6262921
DK,05118926986,26986,29-05-2024,Zwartbont,M,DK,05118922685,26-08-2024,,6262921
DK,03282728271,28271,22-05-2024,Zwartbont,M,DK,03282721087,26-08-2024,,6262921
DK,03282728282,28282,23-05-2024,Zwartbont,M,DK,03282722585,26-08-2024,,6262921
DK,03282728284,28284,24-05-2024,Zwartbont,M,DK,03282723801,26-08-2024,,6262921
DK,03282728290,28290,25-05-2024,Zwartbont,M,DK,03282725531,26-08-2024,,6262921
DK,03282728292,28292,26-05-2024,Zwartbont,M,DK,03282722874,26-08-2024,,6262921
DK,03282728298,28298,27-05-2024,Zwartbont,M,DK,03282724091,26-08-2024,,6262921
DK,03282728301,28301,27-05-2024,Zwartbont,M,DK,03282722231,26-08-2024,,6262921
DK,03282728313,28313,31-05-2024,Zwartbont,M,DK,03282723951,26-08-2024,,6262921
DK,03282728325,28325,03-06-2024,Roodbont,M,DK,03282721413,26-08-2024,,6262921
DK,03282728326,28326,03-06-2024,Zwartbont,M,DK,03282723847,26-08-2024,,6262921
DK,03282728338,28338,05-06-2024,Zwartbont,M,DK,03282723632,26-08-2024,,6262921
DE,1504570502,70502,23-10-2020,Zwartbont,M,DE,1501276631,26-02-2021,,6262921
DE,1268674317,74317,16-10-2020,Zwartbont,M,DE,1263558317,26-02-2021,,6262921
